,Name,LifeSat,CountryCode,Region,HDI,LE,EYS,MYS,GNI
1,Afghanistan,3.794,AFG,South Asia,0.495959523,64.486,10.13892,3.93,1745.665705
2,Albania,4.644,ALB,Europe & Central Asia,0.791405876,78.458,15.23,10.0546184,12299.79934
3,Algeria,5.872,DZA,Middle East & North Africa,0.758977697,76.693,14.7193787,7.986547848,13639.43491
4,Angola,3.795,AGO,Sub-Saharan Africa,0.574487758,60.782,11.777202,5.125459533,5554.697384
5,Argentina,6.599,ARG,Latin America & Caribbean,0.830095812,76.52,17.63836,10.56496472,17611.21813
6,Armenia,4.376,ARM,Europe & Central Asia,0.760010886,74.945,13.16837,11.793905,9277.232829
7,Australia,7.284,AUS,East Asia & Pacific,0.938378552,83.281,22.10372,12.68304986,44097.01934
8,Austria,7.006,AUT,Europe & Central Asia,0.913808548,81.434,16.28676,12.55851074,46230.57167
9,Azerbaijan,5.234,AZE,Europe & Central Asia,0.753868661,72.864,12.40123094,10.47972,15240.14392
10,Bahrain,6.087,BHR,Middle East & North Africa,0.83777019,77.163,15.25713,9.411832983,40399.11872
11,Bangladesh,4.608,BGD,South Asia,0.613679337,72.32,11.20449,6.06183,4057.250181
12,Belarus,5.569,BLR,Europe & Central Asia,0.817067987,74.59,15.35894,12.30584324,17038.52852
13,Belgium,6.891,BEL,Europe & Central Asia,0.918841197,81.468,19.69991,11.78389183,43820.84204
14,Belize,5.956,BLZ,Latin America & Caribbean,0.720169787,74.496,13.12334,9.795835793,7135.969704
15,Benin,3.657,BEN,Sub-Saharan Africa,0.519834165,61.47,12.61455,3.774,2134.589379
16,Bhutan,5.011,BTN,South Asia,0.617298752,71.46,12.12799313,3.137561559,8609.115446
17,Bosnia and Herzegovina,5.182,BIH,Europe & Central Asia,0.769187275,77.262,13.78761333,9.692916034,12689.68076
18,Botswana,3.766,BWA,Sub-Saharan Africa,0.727787114,69.275,12.69723496,9.33,15951.3304
19,Brazil,6.635,BRA,Latin America & Caribbean,0.761152823,75.672,15.39694,7.84104675,14068.04766
20,Bulgaria,4.714,BGR,Europe & Central Asia,0.815710786,74.928,14.81046,11.81482978,19645.936
21,Burkina Faso,4.032,BFA,Sub-Saharan Africa,0.433547049,61.174,8.90646,1.585573608,1705.485422
22,Burundi,2.905,BDI,Sub-Saharan Africa,0.422881598,61.247,11.30463,3.124365,659.7322625
23,Cambodia,4.168,KHM,East Asia & Pacific,0.58148498,69.57,11.33676945,4.844,3597.396365
24,Cameroon,4.695,CMR,Sub-Saharan Africa,0.562725314,58.921,12.7494,6.2917,3291.127921
25,Canada,7.316,CAN,North America,0.922111309,82.315,16.09144,13.31536312,43602.24929
26,Central African Republic,2.693,CAF,Sub-Saharan Africa,0.380662111,52.805,7.56836,4.282,776.6759961
27,Chad,3.936,TCD,Sub-Saharan Africa,0.401175968,53.977,7.465364,2.409497071,1715.568235
28,Chile,6.652,CHL,Latin America & Caribbean,0.846947982,80.042,16.53156,10.4469855,21972.27872
29,China,5.273,CHN,East Asia & Pacific,0.757587429,76.704,13.88891653,7.9,16126.56804
30,Colombia,6.357,COL,Latin America & Caribbean,0.760894931,77.109,14.59814,8.3265809,12895.59491
31,Costa Rica,7.079,CRI,Latin America & Caribbean,0.793519946,80.095,15.37714,8.6671837,14789.93488
32,Ivory Coast,4.18,CIV,Sub-Saharan Africa,0.515747128,57.422,9.62984,5.192,3589.405001
33,Croatia,5.293,HRV,Europe & Central Asia,0.837313319,78.342,14.96245,11.40518282,23060.96179
34,Cyprus,5.621,CYP,Europe & Central Asia,0.872955394,80.828,14.67400082,12.10394114,33100.31857
35,Denmark,7.522,DNK,Europe & Central Asia,0.929946115,80.784,19.06606,12.58778516,48836.09375
36,Dominican Republic,5.23,DOM,Latin America & Caribbean,0.744640742,73.892,14.14082,7.935346002,15074.25844
37,Ecuador,6.008,ECU,Latin America & Caribbean,0.757916351,76.8,14.92304375,8.98551,10141.14555
38,El Salvador,6.003,SLV,Latin America & Caribbean,0.666681018,73.096,12.03557,6.942757762,6973.458016
39,Estonia,5.611,EST,Europe & Central Asia,0.881542298,78.567,16.06362,13.0290394,30378.62982
40,Ethiopia,4.46,ETH,Sub-Saharan Africa,0.469849625,66.24,8.710185884,2.795442993,1781.756181
41,Finland,7.469,FIN,Europe & Central Asia,0.925191724,81.736,19.31641,12.43960917,41779.26491
42,France,6.442,FRA,Europe & Central Asia,0.891056778,82.541,15.4858,11.41703591,40510.78081
43,Gabon,4.465,GAB,Sub-Saharan Africa,0.701625266,66.187,12.9,8.320069671,15794.07816
44,Georgia,4.286,GEO,Europe & Central Asia,0.786359092,73.6,15.43314,12.81457,9569.522105
45,Germany,6.951,DEU,Europe & Central Asia,0.938784706,81.18,17.09638,14.13215,46945.9499
46,Ghana,4.12,GHA,Sub-Saharan Africa,0.595669716,63.78,11.51923,7.184,4098.860341
47,Greece,5.227,GRC,Europe & Central Asia,0.871952126,82.072,17.33672,10.53957898,24909.34008
48,Guatemala,6.454,GTM,Latin America & Caribbean,0.651035337,74.063,10.62148,6.467886134,7377.915813
49,Guinea,3.507,GIN,Sub-Saharan Africa,0.465515001,61.185,9.00675,2.707392597,2211.002107
50,Haiti,3.603,HTI,Latin America & Caribbean,0.502731375,63.66,9.5,5.441686,1664.892927
51,Honduras,5.181,HND,Latin America & Caribbean,0.622981471,75.088,10.20793667,6.5964413,4258.345021
52,Hungary,5.324,HUN,Europe & Central Asia,0.844699936,76.701,15.11709,11.88941481,27144.21153
53,Iceland,7.504,ISL,Europe & Central Asia,0.938473875,82.855,19.17451,12.53666119,47566.45467
54,India,4.315,IND,South Asia,0.6469011,69.416,12.34981,6.452132788,6828.601528
55,Indonesia,5.262,IDN,East Asia & Pacific,0.70685795,71.509,12.9155945,7.976152649,11255.78107
56,Iraq,4.497,IRQ,Middle East & North Africa,0.688784074,70.454,11.148673,7.316,15364.95568
57,Ireland,6.977,IRL,Europe & Central Asia,0.942472821,82.103,18.79326,12.52629458,55659.67902
58,Israel,7.213,ISR,Middle East & North Africa,0.906234943,82.819,15.99117,12.95921504,33649.6895
59,Italy,5.964,ITA,Europe & Central Asia,0.882583979,83.352,16.2469,10.24509,36141.42829
60,Jamaica,5.311,JAM,Latin America & Caribbean,0.725679364,74.368,13.1407323,9.796912678,7931.516349
61,Japan,5.92,JPN,East Asia & Pacific,0.914696376,84.47,15.23057,12.8,40799.0143
62,Jordan,5.336,JOR,Middle East & North Africa,0.72344512,74.405,11.8767423,10.452,8267.805545
63,Kazakhstan,5.819,KAZ,Europe & Central Asia,0.817243849,73.236,15.26522,11.784,22167.69698
64,Kenya,4.553,KEN,Sub-Saharan Africa,0.578587728,66.342,11.06424,6.564,3051.689885
65,Kuwait,6.105,KWT,Middle East & North Africa,0.808352435,75.398,13.7588,7.275667996,71164.21501
66,Latvia,5.85,LVA,Europe & Central Asia,0.853901519,75.172,15.98269,12.82536903,26300.76872
67,Lebanon,5.225,LBN,Middle East & North Africa,0.730077891,78.875,11.28587,8.7,11136.2495
68,Lesotho,3.808,LSO,Sub-Saharan Africa,0.51795488,53.705,10.73776,6.348,3243.839094
69,Liberia,3.533,LBR,Sub-Saharan Africa,0.464720319,63.73,9.57967,4.668,1040.085099
70,Libya,5.525,LBY,Middle East & North Africa,0.707567974,72.724,12.789937,7.56,11684.73341
71,Lithuania,5.902,LTU,Europe & Central Asia,0.869307679,75.737,16.49953,12.96103366,29775.26288
72,Luxembourg,6.863,LUX,Europe & Central Asia,0.908719937,82.102,14.22752,12.19580174,65543.05171
73,Madagascar,3.644,MDG,Sub-Saharan Africa,0.520697359,66.681,10.41317,6.1,1403.915973
74,Malawi,3.97,MWI,Sub-Saharan Africa,0.485400186,63.798,10.95276,4.63,1159.120065
75,Malaysia,6.084,MYS,East Asia & Pacific,0.804185848,75.997,13.46876,10.15999793,27226.67561
76,Mali,4.19,MLI,Sub-Saharan Africa,0.427206244,58.893,7.60336,2.352954412,1965.385142
77,Malta,6.527,MLT,Middle East & North Africa,0.885265683,82.376,15.89665,11.28811066,34795.17858
78,Mauritania,4.292,MRT,Sub-Saharan Africa,0.52705714,64.704,8.46557,4.614,3746.083654
79,Mauritius,5.629,MUS,Sub-Saharan Africa,0.796406212,74.863,14.96984,9.43,22724.23479
80,Mexico,6.578,MEX,Latin America & Caribbean,0.767447245,74.992,14.29736,8.60085,17628.11729
81,Mongolia,4.955,MNG,East Asia & Pacific,0.734683997,69.689,14.20655,10.17198276,10783.71204
82,Montenegro,5.237,MNE,Europe & Central Asia,0.815934,76.77,15.03186,11.38676801,17510.70768
83,Morocco,5.235,MAR,Middle East & North Africa,0.676439335,76.453,13.0675557,5.514,7479.592067
84,Mozambique,4.55,MOZ,Sub-Saharan Africa,0.446044681,60.163,9.74711,3.540898438,1153.697636
85,Myanmar,4.545,MMR,East Asia & Pacific,0.584252196,66.867,10.3154,4.953399443,5763.943772
86,Namibia,4.574,NAM,Sub-Saharan Africa,0.645037374,63.373,12.63338796,6.94,9682.661774
87,Nepal,4.962,NPL,South Asia,0.57948527,70.478,12.1952,4.856,2748.200382
88,Netherlands,7.377,NLD,Europe & Central Asia,0.9334947,82.143,18.04483,12.1900128,50012.5936
89,New Zealand,7.314,NZL,East Asia & Pacific,0.920886141,82.145,18.8376,12.678166,35107.50023
90,Nicaragua,6.071,NIC,Latin America & Caribbean,0.651104261,74.275,12.20689607,6.796,4789.840116
91,Niger,4.028,NER,Sub-Saharan Africa,0.376591083,62.024,6.47145,2.029048967,912.0418982
92,Nigeria,5.074,NGA,Sub-Saharan Africa,0.534136286,54.332,9.746414,6.4619,5085.540258
93,Macedonia,5.175,MKD,Europe & Central Asia,0.759422336,75.688,13.4639834,9.680116533,12873.75376
94,Norway,7.537,NOR,Europe & Central Asia,0.953688337,82.271,18.06082,12.56681764,68058.61613
95,Pakistan,5.269,PAK,South Asia,0.560446359,67.114,8.46498,5.158944258,5190.07941
96,Panama,6.452,PAN,Latin America & Caribbean,0.795054699,78.329,12.88063,10.17,20454.87351
97,Paraguay,5.493,PRY,Latin America & Caribbean,0.724347662,74.131,12.68985207,8.450439127,11719.95898
98,Peru,5.715,PER,Latin America & Caribbean,0.759103574,76.516,13.8474129,9.215395842,12322.65681
99,Philippines,5.43,PHL,East Asia & Pacific,0.711860207,71.095,12.72245333,9.393091398,9539.697881
100,Poland,5.973,POL,Europe & Central Asia,0.871767868,78.544,16.4332,12.29398111,27625.79535
101,Portugal,5.195,PRT,Europe & Central Asia,0.850211619,81.857,16.29655,9.190958665,27935.3848
102,Qatar,6.375,QAT,Middle East & North Africa,0.848440767,80.1,12.17887,9.66734,110488.7358
103,Romania,5.825,ROU,Europe & Central Asia,0.815569656,75.924,14.26345,10.97836,23905.77107
104,Russia,5.963,RUS,Europe & Central Asia,0.82403789,72.386,15.53573,12.01999,25036.02024
105,Rwanda,3.471,RWA,Sub-Saharan Africa,0.53601472,68.7,11.16659,4.417150539,1958.611877
106,Saudi Arabia,6.344,SAU,Middle East & North Africa,0.856962813,74.998,16.9791,9.67145098,49338.40957
107,Senegal,4.535,SEN,Sub-Saharan Africa,0.513769573,67.665,8.97107,3.068934,3255.987639
108,Serbia,5.395,SRB,Europe & Central Asia,0.799259785,75.849,14.76615,11.18071012,15217.69707
109,Sierra Leone,4.709,SLE,Sub-Saharan Africa,0.438465282,54.309,10.17593,3.6,1381.299109
110,Singapore,6.572,SGP,East Asia & Pacific,0.934818974,83.458,16.32817,11.49649,83792.67432
111,Slovenia,5.758,SVN,Europe & Central Asia,0.901601081,81.172,17.42218,12.27337909,32143.04239
112,South Africa,4.829,ZAF,Sub-Saharan Africa,0.704937483,63.857,13.66788,10.24064634,11756.29842
113,South Sudan,3.591,SSD,Sub-Saharan Africa,0.412770472,57.604,5.00038,4.84913,1455.229886
114,Spain,6.403,ESP,Europe & Central Asia,0.892788461,83.433,17.87704,9.819481806,35041.29991
115,Sri Lanka,4.44,LKA,South Asia,0.780114782,76.812,13.96532,11.05175,11610.90818
116,Sudan,4.139,SDN,Sub-Saharan Africa,0.507498809,65.095,7.73987,3.72,3961.615683
117,Sweden,7.284,SWE,Europe & Central Asia,0.936627634,82.654,18.83223,12.42604923,47955.44724
118,Switzerland,7.494,CHE,Europe & Central Asia,0.945936117,83.63,16.20882,13.38081241,59374.73403
119,Syria,3.462,SYR,Middle East & North Africa,0.548903221,71.779,8.8501,5.1,2725.189347
120,Tajikistan,5.041,TJK,Europe & Central Asia,0.65603911,70.879,11.40786,10.67167179,3482.378737
121,Thailand,6.424,THA,East Asia & Pacific,0.764604938,76.931,14.6502963,7.731400914,16128.54767
122,Togo,3.495,TGO,Sub-Saharan Africa,0.512732736,60.76,12.56833,4.949925584,1592.536702
123,Tunisia,4.805,TUN,Middle East & North Africa,0.739200559,76.505,15.10152,7.172257455,10676.96362
124,Turkey,5.5,TUR,Europe & Central Asia,0.806490176,77.437,16.439128,7.667909126,24905.38066
125,Turkmenistan,5.822,TKM,Europe & Central Asia,0.710130829,68.073,10.88933112,9.78,16407.47046
126,Uganda,4.081,UGA,Sub-Saharan Africa,0.528190903,62.973,11.24256,6.090251,1752.210989
127,Ukraine,4.096,UKR,Europe & Central Asia,0.749745952,71.953,15.07384705,11.34,7994.213212
128,United Arab Emirates,6.648,ARE,Middle East & North Africa,0.86643767,77.814,13.64343,10.95412,66911.66289
129,United Kingdom,6.714,GBR,Europe & Central Asia,0.920351548,81.236,17.4429,12.95067,39507.28595
130,United States,6.993,USA,North America,0.919925749,78.851,16.27437,13.41344,56140.23348
131,Uruguay,6.454,URY,Latin America & Caribbean,0.807763814,77.77,16.34484,8.728716877,19434.85186
132,Uzbekistan,5.971,UZB,Europe & Central Asia,0.710477618,71.573,12.01214,11.52496134,6461.84249
133,Zambia,4.514,ZMB,Sub-Saharan Africa,0.59146244,63.51,12.06104,7.104178868,3581.886613
134,Zimbabwe,3.875,ZWE,Sub-Saharan Africa,0.563100169,61.195,10.45108,8.342245697,2661.072065